{
  "@microsoft/generator-sharepoint": {
    "plusBeta": false,
    "isCreatingSolution": true,
    "nodeVersion": "18.18.0",
    "sdksVersions": {
      "@microsoft/microsoft-graph-client": "3.0.2",
      "@microsoft/teams-js": "2.12.0"
    },
    "version": "1.18.2",
    "libraryName": "ecommerce",
    "libraryId": "43ccd524-3abe-4b72-865b-a306829f6c25",
    "environment": "spo",
    "packageManager": "npm",
    "solutionName": "Ecommerce",
    "solutionShortDescription": "Ecommerce description",
    "skipFeatureDeployment": true,
    "isDomainIsolated": false,
    "componentType": "webpart"
  }
}
